[
  {"c":"New York", "s":"NY", "z":"10001", "p":"212555", "st":["7th Ave", "Broadway", "W 42nd St", "Lexington Ave", "Madison Ave"]},
  {"c":"Los Angeles", "s":"CA", "z":"90001", "p":"213555", "st":["Sunset Blvd", "Figueroa St", "Hollywood Blvd", "Santa Monica Blvd"]},
  {"c":"Chicago", "s":"IL", "z":"60601", "p":"312555", "st":["Michigan Ave", "Wacker Dr", "State St", "Lake Shore Dr"]},
  {"c":"Houston", "s":"TX", "z":"77001", "p":"713555", "st":["Main St", "Texas Ave", "Fannin St", "Louisiana St"]},
  {"c":"Phoenix", "s":"AZ", "z":"85001", "p":"602555", "st":["Camelback Rd", "Central Ave", "Washington St", "Van Buren St"]},
  {"c":"Philadelphia", "s":"PA", "z":"19102", "p":"215555", "st":["Broad St", "Market St", "Chestnut St", "Walnut St"]},
  {"c":"San Antonio", "s":"TX", "z":"78205", "p":"210555", "st":["Alamo Plaza", "Commerce St", "Market St", "Broadway St"]},
  {"c":"San Diego", "s":"CA", "z":"92101", "p":"619555", "st":["Pacific Hwy", "Harbor Dr", "Broadway", "5th Ave"]},
  {"c":"Dallas", "s":"TX", "z":"75201", "p":"214555", "st":["Elm St", "Main St", "Commerce St", "Pacific Ave"]},
  {"c":"San Jose", "s":"CA", "z":"95113", "p":"408555", "st":["Market St", "1st St", "Santa Clara St", "San Carlos St"]},
  {"c":"Austin", "s":"TX", "z":"78701", "p":"512555", "st":["Congress Ave", "6th St", "Lamar Blvd", "Brazos St"]},
  {"c":"Jacksonville", "s":"FL", "z":"32202", "p":"904555", "st":["Main St", "Bay St", "Forsyth St", "Adams St"]},
  {"c":"Fort Worth", "s":"TX", "z":"76102", "p":"817555", "st":["Main St", "Commerce St", "Houston St", "Throckmorton St"]},
  {"c":"Columbus", "s":"OH", "z":"43215", "p":"614555", "st":["High St", "Broad St", "Front St", "3rd St"]},
  {"c":"San Francisco", "s":"CA", "z":"94102", "p":"415555", "st":["Market St", "Mission St", "Geary Blvd", "Lombard St"]},
  {"c":"Charlotte", "s":"NC", "z":"28202", "p":"704555", "st":["Tryon St", "College St", "Trade St", "Church St"]},
  {"c":"Indianapolis", "s":"IN", "z":"46204", "p":"317555", "st":["Meridian St", "Market St", "Washington St", "Capitol Ave"]},
  {"c":"Seattle", "s":"WA", "z":"98101", "p":"206555", "st":["Pike St", "Pine St", "1st Ave", "4th Ave"]},
  {"c":"Denver", "  s":"CO", "z":"80202", "p":"303555", "st":["16th St Mall", "Larimer St", "Curtis St", "Market St"]},
  {"c":"Washington", "s":"DC", "z":"20001", "p":"202555", "st":["Pennsylvania Ave", "Constitution Ave", "K St NW", "14th St NW"]},
  {"c":"Boston", "s":"MA", "z":"02108", "p":"617555", "st":["Beacon St", "Tremont St", "Washington St", "Boylston St"]},
  {"c":"El Paso", "s":"TX", "z":"79901", "p":"915555", "st":["Mesa St", "Texas Ave", "Stanton St", "Kansas St"]},
  {"c":"Nashville", "s":"TN", "z":"37201", "p":"615555", "st":["Broadway", "2nd Ave N", "Church St", "Union St"]},
  {"c":"Detroit", "s":"MI", "z":"48226", "p":"313555", "st":["Woodward Ave", "Jefferson Ave", "Griswold St", "Congress St"]},
  {"c":"Oklahoma City", "s":"OK", "z":"73102", "p":"405555", "st":["Broadway Ave", "Sheridan Ave", "Main St", "Walker Ave"]},
  {"c":"Portland", "s":"OR", "z":"97204", "p":"503555", "st":["Morrison St", "Yamhill St", "Broadway", "5th Ave"]},
  {"c":"Las Vegas", "s":"NV", "z":"89101", "p":"702555", "st":["Las Vegas Blvd", "Fremont St", "Main St", "Carson Ave"]},
  {"c":"Memphis", "s":"TN", "z":"38103", "p":"901555", "st":["Beale St", "Main St", "Front St", "2nd St"]},
  {"c":"Louisville", "s":"KY", "z":"40202", "p":"502555", "st":["Main St", "Market St", "4th St", "Broadway"]},
  {"c":"Baltimore", "s":"MD", "z":"21201", "p":"410555", "st":["Pratt St", "Lombard St", "Charles St", "Baltimore St"]},
  {"c":"Milwaukee", "s":"WI", "z":"53202", "p":"414555", "st":["Wisconsin Ave", "Water St", "Broadway", "Michigan St"]},
  {"c":"Albuquerque", "s":"NM", "z":"87102", "p":"505555", "st":["Central Ave NW", "4th St NW", "Lomas Blvd NW", "Gold Ave SW"]},
  {"c":"Tucson", "s":"AZ", "z":"85701", "p":"520555", "st":["Congress St", "Broadway Blvd", "Stone Ave", "6th Ave"]},
  {"c":"Fresno", "s":"CA", "z":"93721", "p":"559555", "st":["Fulton St", "Van Ness Ave", "Tuolumne St", "Broadway St"]},
  {"c":"Sacramento", "s":"CA", "z":"95814", "p":"916555", "st":["K St", "Capitol Mall", "J St", "L St"]},
  {"c":"Kansas City", "s":"MO", "z":"64106", "p":"816555", "st":["Main St", "Grand Blvd", "12th St", "Oak St"]},
  {"c":"Mesa", "s":"AZ", "z":"85201", "p":"480555", "st":["Main St", "University Dr", "Country Club Dr", "Center St"]},
  {"c":"Atlanta", "s":"GA", "z":"30303", "p":"404555", "st":["Peachtree St", "Marietta St", "Luckie St", "Spring St"]},
  {"c":"Omaha", "s":"NE", "z":"68102", "p":"402555", "st":["Douglas St", "Farnam St", "Dodge St", "10th St"]},
  {"c":"Colorado Springs", "s":"CO", "z":"80903", "p":"719555", "st":["Tejon St", "Cascade Ave", "Pikes Peak Ave", "Kiowa St"]},
  {"c":"Raleigh", "s":"NC", "z":"27601", "p":"919555", "st":["Fayetteville St", "Wilmington St", "Salisbury St", "Martin St"]},
  {"c":"Miami", "s":"FL", "z":"33130", "p":"305555", "st":["Flagler St", "Biscayne Blvd", "Brickell Ave", "SW 8th St"]},
  {"c":"Virginia Beach", "s":"VA", "z":"23451", "p":"757555", "st":["Atlantic Ave", "Pacific Ave", "Arctic Ave", "Shore Dr"]},
  {"c":"Oakland", "s":"CA", "z":"94612", "p":"510555", "st":["Broadway", "Telegraph Ave", "Grand Ave", "14th St"]},
  {"c":"Minneapolis", "s":"MN", "z":"55401", "p":"612555", "st":["Hennepin Ave", "Nicollet Mall", "Washington Ave N", "1st Ave N"]},
  {"c":"Tulsa", "s":"OK", "z":"74103", "p":"918555", "st":["Main St", "Boston Ave", "Cincinnati Ave", "2nd St"]},
  {"c":"Arlington", "s":"TX", "z":"76010", "p":"817555", "st":["Abram St", "Division St", "Cooper St", "Collins St"]},
  {"c":"New Orleans", "s":"LA", "z":"70112", "p":"504555", "st":["Canal St", "Bourbon St", "Poydras St", "St Charles Ave"]},
  {"c":"Wichita", "s":"KS", "z":"67202", "p":"316555", "st":["Douglas Ave", "Main St", "Broadway St", "Market St"]},
  {"c":"Cleveland", "s":"OH", "z":"44113", "p":"216555", "st":["Euclid Ave", "Superior Ave", "Ontario St", "Lakeside Ave"]}
]
